{
  "calibration_date": "2025-08-16T20:35:57.102226",
  "parameters": {
    "min_score": 4.5,
    "stop_loss_pct": 0.05,
    "take_profit_pct": 0.1,
    "position_size_pct": 0.02,
    "leverage_base": 2,
    "rsi_oversold": 30,
    "rsi_overbought": 65
  },
  "metrics": {
    "total_trades": 3,
    "winning_trades": 2,
    "losing_trades": 1,
    "win_rate": 66.66666666666666,
    "profit_factor": 4.301012079660458,
    "total_return": 32.09841269841267,
    "avg_trade_return": 10.69947089947089,
    "max_drawdown": 9.723809523809534
  },
  "periods_used": [
    "Q1_2024_BULL",
    "Q2_2024_CORRECTION",
    "Q3_2024_RECOVERY"
  ]
}